orden_armado,modelo,fecha_est_armado,estatus,fecha_real_armado,observaciones_paro,fecha_est_entrega,fecha_real_entrega,dias_desvio,disponible,asignacion_chasis_cliente,ns_chasis,ns_motor,color,vendedor,cliente,remision
462,200cc 2025,2026-04-02,ARMADO,ENTREGADO,,,ENTREGADO,,,515,3DVHCMZE4S1M00515,DZ164FML S2M00515,BLANCO,IVAN PEREZ,J403,RM260211005
463,200cc 2025,2026-04-02,ARMADO,ENTREGADO,,,ENTREGADO,,,472,3DVHCMZE1S1M00472,DZ164FML S2M00472,BLANCO,IVAN PEREZ,J382,RM260211003
464,200cc 2025,2026-04-02,ARMADO,ENTREGADO,,,ENTREGADO,,SÍ — LISTO,468,3DVHCMZEXS1M00468,DZ164FML S2M00468,BLANCO,MARCO,A497,RM250822010
465,200cc 2025,2026-04-02,ARMADO,ENTREGADO,,,ENTREGADO,,SÍ — LISTO,479,3DVHCMZE4S1M00479,DZ164FML S2M00479,BLANCO,MARCO,A497,RM250822010
466,200cc 2025,2026-04-03,ARMADO,ENTREGADO,,,ENTREGADO,,SÍ — LISTO,494,3DVHCMZE0S1M00494,DZ164FML S2M00494,BLANCO,JUAN,M569,RM260225007
467,200cc 2025,2026-04-03,ARMADO,LISTO,,,,,SÍ — LISTO,498,3DVHCMZE8S1M00498,DZ164FML S2M00498,BLANCO,JUAN,M569,RM260225007
468,200cc 2025,2026-04-03,ARMADO,,,,,,SÍ — LISTO,476,3DVHCMZE9S1M00476,DZ164FML S2M00476,BLANCO,IRENE,J350,RM260311011
470,200cc 2025,2026-04-03,ARMADO,ENTREGADO,,,ENTREGADO,,SÍ — LISTO,504,3DVHCMZEXS1M00504,DZ164FML S2M00504,BLANCO,JAIME,E190,RM260220002
472,200cc 2025,2026-04-06,ARMADO,ENTREGADO,,,,,SÍ — LISTO,480,3DVHCMZE0S1M00480,DZ164FML S2M00480,BLANCO,IRENE,R021,RM260305001
474,200cc 2025,2026-04-06,ARMADO,ENTREGADO,,,,,SÍ — LISTO,493,3DVHCMZE9S1M00493,DZ164FML S2M00493,BLANCO,JUAN,M569,RM260225007
475,200cc 2025,2026-04-06,ARMADO,ARMADO,,,,,SÍ — LISTO,506,3DVHCMZE3S1M00506,DZ164FML S2M00506,BLANCO,IRENE,J350,RM260311011
476,200cc 2025,2026-04-06,ARMADO,ENTREGADO,,,,,SÍ — LISTO,499,3DVHCMZEXS1M00499,DZ164FML S2M00499,AZUL,JUAN,M569,RM260225007
479,200cc 2025,2026-04-07,ATRASADO,,,2026-04-08,,14,,509,3DVHCMZE9S1M00509,DZ164FML S2M00509,BLANCO,IRENE,J350,RM260311011
480,200cc 2025,2026-04-07,ARMADO,ARMADO,,,,,SÍ — LISTO,501,3DVHCMZE4S1M00501,DZ164FML S2M00501,AZUL,JUAN,M569,RM260225007
482,200cc 2025,2026-04-07,ARMADO,ENTRGADO,,,ENTREGADO,,SÍ — LISTO,470,3DVHCMZE8S1M00470,DZ164FML S2M00470,BLANCO,JAIME,E190,RM260220001
484,200cc 2025,2026-04-07,ARMADO,2026-04-06,,2026-04-07,ENTREGADO,-1,,487,3DVHCMZE3S1M00487,DZ164FML S2M00487,BLANCO,IRENE,J428,RM260220009
487,200cc 2025,2026-04-08,ARMADO,ENTREGADO,,,,,SÍ — LISTO,475,3DVHCMZE7S1M00475,DZ164FML S2M00475,BLANCO,MARCO,A497,RM250822010
489,200cc 2025,2026-04-08,ARMADO,ENTREGADO,,,,,SÍ — LISTO,467,3DVHCMZE8S1M00467,DZ164FML S2M00467,BLANCO,JUAN,M569,RM260225007
490,200cc 2025,2026-04-08,ARMADO,2026-04-06,,2026-04-07,ENTREGADO,-2,SÍ — LISTO,490,3DVHCMZE3S1M00490,DZ164FML S2M00490,BLANCO,JUAN,E073,RM260304001
491,200cc 2025,2026-04-08,ARMADO,ENTREGADO,,,,,SÍ — LISTO,505,3DVHCMZE1S1M00505,DZ164FML S2M00505,AZUL,JUAN,M569,RM260225007
492,200cc 2025,2026-04-09,ARMADO,ARMADO,,,,,SÍ — LISTO,492,3DVHCMZE7S1M00492,DZ164FML S2M00492,BLANCO,ABELARDO,C050,RM260327015
493,200cc 2025,2026-04-09,ARMADO,2026-04-06,,2026-04-07,2026-04-07,-3,SÍ — LISTO,464,3DVHCMZE2S1M00464,DZ164FML S2M00464,BLANCO,MARCO,S150,RM260227004
494,200cc 2025,2026-04-09,ARMADO,ARMADO,,,,,SÍ — LISTO,503,3DVHCMZE8S1M00503,DZ164FML S2M00503,BLANCO,IVAN PEREZ,J403,RM260302007
495,200cc 2025,2026-04-09,ARMADO,2026-04-06,,2026-04-07,2026-04-07,-3,SÍ — LISTO,465,3DVHCMZE4S1M00465,DZ164FML S2M00465,BLANCO,MARCO,S150,RM260227004
496,200cc 2025,2026-04-10,ARMADO,ENTREGADO,,,ENTREGADO,,SÍ — LISTO,495,3DVHCMZE2S1M00495,DZ164FML S2M00495,BLANCO,JUAN,M569,RM260225007
497,200cc 2025,2026-04-10,ARMADO,ENTREGADO,,,,,SÍ — LISTO,462,3DVHCMZE9S1M00462,DZ164FML S2M00462,BLANCO,MARCO,J494,RM260226011
498,200cc 2025,2026-04-10,ARMADO,2026-04-06,,2026-04-07,2026-04-07,-4,SÍ — LISTO,463,3DVHCMZE0S1M00463,DZ164FML S2M00463,BLANCO,MARCO,S150,RM260227004
499,200cc 2025,2026-04-10,ARMADO,ARMADO,,,,,SÍ — LISTO,489,3DVHCMZE7S1M00489,DZ164FML S2M00489,BLANCO,DUARTE,F048,RM260305014
500,200cc 2025,2026-04-13,ARMADO,ARMADO,,,,,SÍ — LISTO,491,3DVHCMZE5S1M00491,DZ164FML S2M00491,BLANCO,DUARTE,F048,RM260305014
501,200cc 2025,2026-04-13,ARMADO,ARMADO,,,,,SÍ — LISTO,466,3DVHCMZE6S1M00466,DZ164FML S2M00466,BLANCO,DUARTE,E241,RM260309001
503,200cc 2025,2026-04-13,ARMADO,ENTREGADO,,,ENTREGADO,,SÍ — LISTO,482,3DVHCMZE4S1M00482,DZ164FML S2M00482,BLANCO,IRENE,J350,RM260311011
504,200cc 2025,2026-04-13,ARMADO,2026-04-06,,2026-04-07,ENTREGADO,-7,SÍ — LISTO,484,3DVHCMZE8S1M00484,DZ164FML S2M00484,AZUL,JAIME,E190,RM260220003
505,200cc 2025,2026-04-14,ARMADO,2026-04-08,,2026-04-09,2026-04-09,-6,SÍ — LISTO,496,3DVHCMZE4S1M00496,DZ164FML S2M00496,BLANCO,DUARTE,E241,RM260309001
506,200cc 2025,2026-04-14,ARMADO,ARMADO,,,,,SÍ — LISTO,474,3DVHCMZE5S1M00474,DZ164FML S2M00474,BLANCO,DUARTE,E241,RM260309001
507,200cc 2025,2026-04-14,ARMADO,ENTREGADO,,,,,SÍ — LISTO,507,3DVHCMZE5S1M00507,DZ164FML S2M00507,AZUL,IVAN PEREZ,G050,RM260312009
509,200cc 2025,2026-04-14,ARMADO,ARMADO,,,,,SÍ — LISTO,500,3DVHCMZE2S1M00500,DZ164FML S2M00500,AZUL,JUAN,M569,RM260225007
510,200cc 2025,2026-04-15,ARMADO,2026-04-06,,2026-04-07,2026-04-07,-9,SÍ — LISTO,510,3DVHCMZE5S1M00510,DZ164FML S2M00510,AZUL,JUAN,E073,RM260304001
511,200cc 2025,2026-04-15,ATRASADO,,,2026-04-16,,6,,511,3DVHCMZE7S1M00511,DZ164FML S2M00511,BLANCO,IRENE,J350,RM260312004
512,200cc 2025,2026-04-15,ARMADO,ENTREGADO,,,,,SÍ — LISTO,512,3DVHCMZE9S1M00512,DZ164FML S2M00512,BLANCO,IVAN PEREZ,G050,RM260312009
513,200cc 2025,2026-04-15,ARMADO,ENTREGADO,,,,,SÍ — LISTO,513,3DVHCMZE0S1M00513,DZ164FML S2M00513,BLANCO,JUAN,E073,RM260304001
515,200cc 2025,2026-04-16,ARMADO,ARMADO,,,,,SÍ — LISTO,497,3DVHCMZE6S1M00497,DZ164FML S2M00497,BLANCO,IRENE,R021,RM260305001
516,200cc 2025,2026-04-16,ARMADO,ARMADO,,,,,SÍ — LISTO,516,3DVHCMZE6S1M00516,DZ164FML S2M00516,BLANCO,IRENE,J350,RM260312004
514,200cc 2025,2026-04-16,ATRASADO,,,2026-04-17,,5,,514,3DVHCMZE2S1M00514,DZ164FML S2M00514,BLANCO,IRENE,I120,RM260401003
502,200cc 2025,2026-04-16,ATRASADO,,,2026-04-17,,5,,502,3DVHCMZE6S1M00502,DZ164FML S2M00502,BLANCO,IRENE,I120,RM260401003
508,200cc 2025,2026-04-17,ATRASADO,,,2026-04-20,,4,,508,3DVHCMZE7S1M00508,DZ164FML S2M00508,BLANCO,IRENE,I120,RM260401003
399,300cc 2026,2026-04-17,ARMADO,ENTREGADO,,ENTREGADO,,,SÍ — LISTO,399,3DVHCPZF1T1M00399,DZ170MM T2M00399,BLANCO,ABELARDO,E205,RM260401001
406,300cc 2026,2026-04-20,ARMADO,ENTREGADO,,ENTREGADO,,,SÍ — LISTO,406,3DVHCPZF5T1M00406,DZ170MM T2M00406,BLANCO,ABELARDO,E205,RM260401001
361,300cc 2026,2026-04-20,ARMADO,ENTREGADO,,ENTREGADO,,,SÍ — LISTO,361,3DVHCPZF9T1M00361,DZ170MM T2M00361,BLANCO,ABELARDO,E205,RM260401001
362,300cc 2026,2026-04-20,ARMADO,ENTREGADO,,ENTREGADO,,,SÍ — LISTO,362,3DVHCPZF0T1M00362,DZ170MM T2M00362,BLANCO,ABELARDO,E205,RM260401001
390,300cc 2026,2026-04-20,ARMADO,ENTREGADO,,ENTREGADO,,,SÍ — LISTO,390,3DVHCPZF5T1M00390,DZ170MM T2M00390,BLANCO,ABELARDO,E205,RM260401001
367,300cc 2026,2026-04-21,ARMADO,ENTREGADO,,ENTREGADO,,,SÍ — LISTO,367,3DVHCPZFXT1M00367,DZ170MM T2M00367,BLANCO,ABELARDO,E205,RM260401001
365,300cc 2026,2026-04-21,ARMADO,ENTREGADO,,ENTREGADO,,,SÍ — LISTO,365,3DVHCPZF6T1M00365,DZ170MM T2M00365,BLANCO,ABELARDO,E205,RM260401001
354,300cc 2026,2026-04-21,ARMADO,ENTREGADO,,ENTREGADO,,,SÍ — LISTO,354,3DVHCPZF1T1M00354,DZ170MM T2M00354,BLANCO,ABELARDO,E205,RM260401001
407,300cc 2026,2026-04-21,ARMADO,ENTREGADO,,ENTREGADO,,,SÍ — LISTO,407,3DVHCPZF7T1M00407,DZ170MM T2M00407,BLANCO,ABELARDO,E205,RM260401001
398,300cc 2026,2026-04-22,ARMADO,ENTREGADO,,ENTREGADO,,,SÍ — LISTO,398,3DVHCPZFXT1M00398,DZ170MM T2M00398,BLANCO,ABELARDO,E205,RM260401001
358,300cc 2026,2026-04-22,ARMADO,2026-04-09,,2026-04-10,2026-04-10,-13,SÍ — LISTO,358,3DVHCPZF9T1M00358,DZ170MM T2M00358,BLANCO,IVAN PEREZ,J403,RM260330001
405,300cc 2026,2026-04-22,ARMADO,ENTREGADO,,,,,SÍ — LISTO,405,3DVHCPZF3T1M00405,DZ170MM T2M00405,BLANCO,JUAN,M569,RM260408009
393,300cc 2026,2026-04-22,ARMADO,2026-04-09,,2026-04-10,2026-04-10,-13,SÍ — LISTO,393,3DVHCPZF0T1M00393,DZ170MM T2M00393,BLANCO,JUAN,M569,RM260408009
360,300cc 2026,2026-04-23,ARMADO,2026-04-09,,2026-04-10,2026-04-10,-14,SÍ — LISTO,360,3DVHCPZF7T1M00360,DZ170MM T2M00360,BLANCO,JUAN,M569,RM260408009
355,300cc 2026,2026-04-23,ENTREGADO,ENTREGADO,,,,,SÍ — LISTO,355,3DVHCPZF3T1M00355,DZ170MM T2M00355,BLANCO,JUAN,E073,RM260304001
401,300cc 2026,2026-04-23,PENDIENTE,,,2026-04-24,,,,401,3DVHCPZF6T1M00401,DZ170MM T2M00401,AZUL,JUAN,M569,RM260225007
400,300cc 2026,2026-04-23,PENDIENTE,,,2026-04-24,,,,400,3DVHCPZF4T1M00400,DZ170MM T2M00400,,MARCO,I133,RM260413004
403,300cc 2026,2026-04-24,PENDIENTE,,,2026-04-27,,,,403,3DVHCPZFXT1M00403,DZ170MM T2M00403,,ABELARDO,A668,RM260409003
385,300cc 2026,,PENDIENTE,,,,,,,385,3DVHCPZF1T1M00385,DZ170MM T2M00385,,ABELARDO,A668,RM260409003
353,300cc 2026,,PENDIENTE,,,,,,,353,3DVHCPZFXT1M00353,DZ170MM T2M00353,,ABELARDO,A668,RM260409003
388,300cc 2026,,PENDIENTE,,,,,,,388,3DVHCPZF7T1M00388,DZ170MM T2M00388,AZUL,CARLOS,M514,RM260406003
352,300cc 2026,,PENDIENTE,,,,,,,352,3DVHCPZF8T1M00352,DZ170MM T2M00352,AZUL,CARLOS,M514,RM260406003
404,300cc 2026,,PENDIENTE,,,,,,,404,3DVHCPZF1T1M00404,DZ170MM T2M00404,AZUL,CARLOS,M514,RM260406003
383,300cc 2026,,PENDIENTE,,,,,,,383,3DVHCPZF8T1M00383,DZ170MM T2M00383,AZUL,CARLOS,M514,RM260406003
374,300cc 2026,,PENDIENTE,,,,,,,374,3DVHCPZF7T1M00374,DZ170MM T2M00374,AZUL,CARLOS,M514,RM260406003
359,300cc 2026,,PENDIENTE,,,,,,,359,3DVHCPZF0T1M00359,DZ170MM T2M00359,AZUL,CARLOS,M514,RM260406003
381,300cc 2026,,PENDIENTE,,,,,,,381,3DVHCPZF4T1M00381,DZ170MM T2M00381,BLANCO,CARLOS,M514,RM260406003
402,300cc 2026,,PENDIENTE,,,,,,,402,3DVHCPZF8T1M00402,DZ170MM T2M00402,BLANCO,CARLOS,M514,RM260406003
408,300cc 2026,,PENDIENTE,,,,,,,408,3DVHCPZF9T1M00408,DZ170MM T2M00408,BLANCO,CARLOS,M514,RM260406003
409,300cc 2026,,PENDIENTE,,,,,,,409,3DVHCPZF0T1M00409,DZ170MM T2M00409,BLANCO,CARLOS,M514,RM260406003
377,300cc 2026,,PENDIENTE,,,,,,,377,3DVHCPZF2T1M00377,DZ170MM T2M00377,BLANCO,CARLOS,M514,RM260406003
379,300cc 2026,,PENDIENTE,,,,,,,379,3DVHCPZF6T1M00379,DZ170MM T2M00379,BLANCO,CARLOS,M514,RM260406003
378,300cc 2026,,PENDIENTE,,,,,,,378,3DVHCPZF4T1M00378,DZ170MM T2M00378,BLANCO,CARLOS,M514,RM260406003
376,300cc 2026,,PENDIENTE,,,,,,,376,3DVHCPZF0T1M00376,DZ170MM T2M00376,BLANCO,CARLOS,M514,RM260406003
397,300cc 2026,,PENDIENTE,,,,,,,397,3DVHCPZF8T1M00397,DZ170MM T2M00397,BLANCO,CARLOS,M514,RM260406003
395,300cc 2026,,PENDIENTE,,,,,,,395,3DVHCPZF4T1M00395,DZ170MM T2M00395,BLANCO,CARLOS,M514,RM260406003
391,300cc 2026,,PENDIENTE,,,,,,,391,3DVHCPZF7T1M00391,DZ170MM T2M00391,BLANCO,CARLOS,M514,RM260406003
384,300cc 2026,,PENDIENTE,,,,,,,384,3DVHCPZFXT1M00384,DZ170MM T2M00384,BLANCO,CARLOS,M514,RM260406003
394,300cc 2026,,PENDIENTE,,,,,,,394,3DVHCPZF2T1M00394,DZ170MM T2M00394,AZUL,CARLOS,M514,RM260406003
389,300cc 2026,,PENDIENTE,,,,,,,389,3DVHCPZF9T1M00389,DZ170MM T2M00389,AZUL,CARLOS,M514,RM260406003
387,300cc 2026,,PENDIENTE,,,,,,,387,3DVHCPZF5T1M00387,DZ170MM T2M00387,AZUL,CARLOS,M514,RM260406003
373,300cc 2026,,PENDIENTE,,,,,,,373,3DVHCPZF5T1M00373,DZ170MM T2M00373,AZUL,CARLOS,M514,RM260406003
372,300cc 2026,,PENDIENTE,,,,,,,372,3DVHCPZF3T1M00372,DZ170MM T2M00372,AZUL,CARLOS,M514,RM260406003
369,300cc 2026,,PENDIENTE,,,,,,,369,3DVHCPZF3T1M00369,DZ170MM T2M00369,AZUL,CARLOS,M514,RM260406003
351,300cc 2026,,PENDIENTE,,,,,,,351,3DVHCPZF6T1M00351,DZ170MM T2M00351,BLANCO,CARLOS,M514,RM260406003
356,300cc 2026,,PENDIENTE,,,,,,,356,3DVHCPZF5T1M00356,DZ170MM T2M00356,BLANCO,CARLOS,M514,RM260406003
375,300cc 2026,,PENDIENTE,,,,,,,375,3DVHCPZF9T1M00375,DZ170MM T2M00375,BLANCO,CARLOS,M514,RM260406003
370,300cc 2026,,PENDIENTE,,,,,,,370,3DVHCPZFXT1M00370,DZ170MM T2M00370,BLANCO,CARLOS,M514,RM260406003
366,300cc 2026,,PENDIENTE,,,,,,,366,3DVHCPZF8T1M00366,DZ170MM T2M00366,BLANCO,CARLOS,M514,RM260406003
364,300cc 2026,,PENDIENTE,,,,,,,364,3DVHCPZF4T1M00364,DZ170MM T2M00364,BLANCO,CARLOS,M514,RM260406003
396,300cc 2026,,PENDIENTE,,,,,,,396,3DVHCPZF6T1M00396,DZ170MM T2M00396,BLANCO,CARLOS,M514,RM260406003
392,300cc 2026,,PENDIENTE,,,,,,,392,3DVHCPZF9T1M00392,DZ170MM T2M00392,BLANCO,CARLOS,M514,RM260406003
363,300cc 2026,,PENDIENTE,,,,,,,363,3DVHCPZF2T1M00363,DZ170MM T2M00363,BLANCO,CARLOS,M514,RM260406003
386,300cc 2026,,PENDIENTE,,,,,,,386,3DVHCPZF3T1M00386,DZ170MM T2M00386,BLANCO,CARLOS,M514,RM260406003
368,300cc 2026,,PENDIENTE,,,,,,,368,3DVHCPZF1T1M00368,DZ170MM T2M00368,BLANCO,CARLOS,M514,RM260406003
382,300cc 2026,,PENDIENTE,,,,,,,382,3DVHCPZF6T1M00382,DZ170MM T2M00382,BLANCO,CARLOS,M514,RM260406003
380,300cc 2026,,PENDIENTE,,,,,,,380,3DVHCPZF2T1M00380,DZ170MM T2M00380,,ABELARDO,A668,RM260409003
357,300cc 2026,,PENDIENTE,,,,,,,357,3DVHCPZF7T1M00357,DZ170MM T2M00357,,ABELARDO,A668,RM260409003
350,300cc 2026,,PENDIENTE,,,,,,,350,3DVHCPZF4T1M00350,DZ170MM T2M00350,,ABELARDO,A668,RM260409003
591,200cc 2026,,PENDIENTE,,,,,,,591,3DVHCMZE7T1M00591,DZ164FML T2M00591,BLANCO,IVAN PEREZ,J403,RM260406001
583,200cc 2026,,PENDIENTE,,,,,,,583,3DVHCMZE8T1M00583,DZ164FML T2M00583,AZUL,IRENE,J350,RM260408005
588,200cc 2026,,PENDIENTE,,,,,,,588,3DVHCMZE7T1M00588,DZ164FML T2M00588,AZUL,IRENE,J350,RM260408005
571,200cc 2026,,PENDIENTE,,,,,,,571,3DVHCMZE1T1M00571,DZ164FML T2M00571,AZUL,IRENE,J350,RM260408005
576,200cc 2026,,PENDIENTE,,,,,,,576,3DVHCMZE0T1M00576,DZ164FML T2M00576,AZUL,IRENE,J350,RM260408005
575,200cc 2026,,PENDIENTE,,,,,,,575,3DVHCMZE9T1M00575,DZ164FML T2M00575,BLANCO,JUAN,M569,RM260408009
577,200cc 2026,,PENDIENTE,,,,,,,577,3DVHCMZE2T1M00577,DZ164FML T2M00577,BLANCO,JUAN,M569,RM260408009
578,200cc 2025,,PENDIENTE,,,,,,,578,3DVHCMZE4T1M00578,DZ164FML T2M00578,,DUARTE,A141,RM260401004
570,200cc 2026,,PENDIENTE,,,,,,,570,3DVHCMZEXT1M00570,DZ164FML T2M00570,,DUARTE,A141,RM260401004
590,200cc 2025,,PENDIENTE,,,,,,,590,3DVHCMZE5T1M00590,DZ164FML T2M00590,,DUARTE,A141,RM260401004
581,200cc 2026,,PENDIENTE,,,,,,,581,3DVHCMZE4T1M00581,DZ164FML T2M00581,BLANCO,IVONNE,M056,RM260414004
563,200cc 2025,,PENDIENTE,,,,,,,563,3DVHCMZE2T1M00563,DZ164FML T2M00563,BLANCO,IVONNE,M056,RM260414004
561,200cc 2026,,PENDIENTE,,,,,,,561,3DVHCMZE9T1M00561,DZ164FML T2M00561,AZUL,IVONNE,M056,RM260414004
589,200cc 2025,,PENDIENTE,,,,,,,589,3DVHCMZE9T1M00589,DZ164FML T2M00589,,,,
579,200cc 2026,,PENDIENTE,,,,,,,579,3DVHCMZE6T1M00579,DZ164FML T2M00579,,,,
574,200cc 2026,,PENDIENTE,,,,,,,574,3DVHCMZE7T1M00574,DZ164FML T2M00574,,,,
580,200cc 2026,,PENDIENTE,,,,,,,580,3DVHCMZE2T1M00580,DZ164FML T2M00580,,,,
582,200cc 2026,,PENDIENTE,,,,,,,582,3DVHCMZE6T1M00582,DZ164FML T2M00582,,,,
560,200cc 2026,,PENDIENTE,,,,,,,560,3DVHCMZE7T1M00560,DZ164FML T2M00560,,,,
550,200cc 2026,,PENDIENTE,,,,,,,550,3DVHCMZE4T1M00550,DZ164FML T2M00550,,,,
549,200cc 2026,,PENDIENTE,,,,,,,549,3DVHCMZE8T1M00549,DZ164FML T2M00549,,,,
545,200cc 2026,,PENDIENTE,,,,,,,545,3DVHCMZE0T1M00545,DZ164FML T2M00545,,,,
559,200cc 2026,,PENDIENTE,,,,,,,559,3DVHCMZE0T1M00559,DZ164FML T2M00559,,,,
546,200cc 2026,,PENDIENTE,,,,,,,546,3DVHCMZE2T1M00546,DZ164FML T2M00546,,,,
557,200cc 2026,,PENDIENTE,,,,,,,557,3DVHCMZE7T1M00557,DZ164FML T2M00557,,,,
539,200cc 2026,,PENDIENTE,,,,,,,539,3DVHCMZE5T1M00539,DZ164FML T2M00539,,,,
533,200cc 2026,,PENDIENTE,,,,,,,533,3DVHCMZE4T1M00533,DZ164FML T2M00533,,,,
535,200cc 2026,,PENDIENTE,,,,,,,535,3DVHCMZE8T1M00535,DZ164FML T2M00535,,,,
532,200cc 2026,,PENDIENTE,,,,,,,532,3DVHCMZE2T1M00532,DZ164FML T2M00532,,,,
