remision,vendedor,cliente,fecha_remision,total_unidades
RM250822010,MARCO,A497,,3
RM260211003,IVAN PEREZ,J382,,1
RM260211005,IVAN PEREZ,J403,,1
RM260220001,JAIME,E190,,1
RM260220002,JAIME,E190,,1
RM260220003,JAIME,E190,,1
RM260220009,IRENE,J428,,1
RM260225007,JUAN,M569,,10
RM260226011,MARCO,J494,,1
RM260227004,MARCO,S150,,3
RM260302007,IVAN PEREZ,J403,,1
RM260304001,JUAN,E073,,4
RM260305001,IRENE,R021,,2
RM260305014,DUARTE,F048,,2
RM260309001,DUARTE,E241,,3
RM260311011,IRENE,J350,,4
RM260312004,IRENE,J350,,2
RM260312009,IVAN PEREZ,G050,,2
RM260327015,ABELARDO,C050,,1
RM260330001,IVAN PEREZ,J403,,1
RM260401001,ABELARDO,E205,,10
RM260401003,IRENE,I120,,3
RM260401004,DUARTE,A141,,3
RM260406001,IVAN PEREZ,J403,,1
RM260406003,CARLOS,M514,,36
RM260408005,IRENE,J350,,4
RM260408009,JUAN,M569,,5
RM260409003,ABELARDO,A668,,6
RM260413004,MARCO,I133,,1
RM260414004,IVONNE,M056,,3
